Varient_Name,Average_stars,Review_title,User_rating,Review_description
Kawasaki Ninja 1000SX,4.6,Comfy riding position and good drive,4,"Kawasaki ninja 1000 is a very good looking bike,with aggressive styling that does justice to the ninja tag.The good looking twin headlights give it a better look.I used it for almost 2 years and then sold it to my friend.The bike gave a good average at first but it started gradually decreasing as every vehicle does.The bike had good seating.The rear brakes often got down and had to get thim fixed.But the look and seating more than made up for it."
Kawasaki Ninja 1000SX,4.6,Wonderful,4,"Kawasaki Ninja 300 was like a dream come true to me. The day I bought it, I become the centre of attraction every time I go on road. Initially, I found it pretty heavy to ride in traffic. But after spending some time with this power machine, I become familiar and now I can ride it like any other bike.It is a perfect practical performance bike which can be used for both touring and commuting and a good performer on the track. The engine is refined and vibration free. The gear shifts are more torquier and smooth which makes riding more comfortable. As you all know, it‚Äôs not built for higher fuel efficiency, but it provides more mileage than the old 250R. I have got an overall 26 km/l and it‚Äôs a good digit for a sports bike. The acceleration is very impressive. The only thing that makes a rider turn away is its price ta Though the seating position of bike is sporty but it is comfortable too. The best riding experience comes when you cross 6000RPM and it is best experience in the 300 class. I personally never found any problem in this bike."
Kawasaki Z900,3.8,Awesome Bike ,5,One of the best bike!! 
Kawasaki Z900,3.8,Great Bike,3,The bike is nice but the pillion seat is a little bit uncomfortable. The overall bike is nice and fun to ride a bike. We can take this bike as long as we want to cause this bike never gets tired.
Kawasaki Z900,3.8,Great Features In 2020 Model And Extremely Good Service,4,I am impressed with your bike ' z900' and by the design and the build quality as it is very eco-friendly by the pocket and value for money bikes as it is a big CC bike. The price at the lower side so there are many people who can afford and they also feel the superbike.
Kawasaki Z900,3.8,Great Bike,5," This is a great bike. It has great looks and power. Its sound, performance, and mileage are also nice."
Kawasaki Vulcan S,4.7,RIDE TO V TO B,5,"My bike is marvelous I can't live with out it I was addicted to it I have best trips on it it was very nice and it is my world ,with my parents wish I got it (I WILL NEVER MISUSE IT )l I have long ride  of 960 from vizag to  Bangalore"
Kawasaki Vulcan S,4.7,Nice cruise bike,5,"Best bike at this price, just need some more ground clearance,  other than that it is the best bike."
Kawasaki KX 100,3.0,Look Wise Bike Is Good.,3,Look wise bike is good. The seats are very comfortable and the power is brilliant. The braking mechanism is super good.
Kawasaki Z H2,5.0,Awesome Bike.,5,"Lovely bike, awesome performance. We are waiting for this bike to launch in India."
Kawasaki Versys 1000,5.0,Kawasaki Versys 1000,5,It is the best touring bike. I am travelling on this bike only. It is too fast from another touring bike. 
Kawasaki Z650,4.0,This Is The Great Super Bike,4,"The most affordable naked sports Kawasaki with a 650cc parallel-twin liquid-cooled engine with great power (68bhp, 64nm torq). It has great performance and lightweight chassis improves the riding quality and handling, great overall performance and power. Nice fuel economy as compared to other superbikes (somewhere around 20.5kmpl). Can give up to 200km/h of speed without vibrations. However, maintenance cost is quite high and the availability of showrooms/service centers lacks. Overall, the best option in the superbikes category especially for college students."
Kawasaki Versys 650,4.0,This Bike Is Very Beautiful,5,Seeing this bike is very beautiful. The engine of this bike is good comfortable are good.
Kawasaki W800 Street,3.0,Wonderful Bike,3,The bike is inspired by the Jawa and the silencer engine. The refinement is good but the handling quality should be improved by the Kawasaki motors to run the bike in this segment. I own a Vulcan's that's the engine has been taken from the Z650 that's better than Harleys 750 ones. Kawasaki should have changed the style of the indicators that may high light the retro style motorbikes.
Kawasaki Versys 650,4.0, Best Package Indeed.,4,Kawasaki Versys has hight adjustable windscreen that does not require any tool.
Kawasaki Versys 650,4.0,Awesome Looks,4,"One of the best bike according to the looks. It's quicker than anything besides a helicopter and it helps you to learn the twists, turns and dead-ends of the city. I have discovered a number of shops, cafes and pubs that I would never have known existed if I only traveled by public transport. And nothing will beat putting your head down and bursting across one of London's bridges, bathed in spring sunshine, to brighten your Monday morning; however horrible your job is."
Kawasaki Versys 650,4.0,Highway Cruiser,3,"Owned Versys 650 2019 model and clocked 14,000 km on it before selling it in 2021. Versys 650 is a fuzz bike and is easy to maintain in long run. Extremely comfortable bike to ride on, did close to 1000 km in a day with zero fatigue and back pain thanks to the very upright seating position and wide seat. The windshield does a good job at highway cruising speed, 2019 model makes around 69 bhp which is adequate for Indian roads. You also got the Versys rider community ready to help you with anything life throws at you, made very good friends from the group."
Kawasaki KLX 110,3.0,Kawasaki KLX110 Great Bike For Beginners,3,"The Kawasaki KLX110 is a great bike, but it is great for beginners as this is lightweight easy to handle, and small engine, which is not much powerful. This bike is not road legal. It has a 112 cc engine which is enough for a beginner rider to start with. The engine has a 4-speed gearbox."
Kawasaki Vulcan S,4.7,Great motorcycle cruiser from kawasaki,5,"This bike has very good handling, ride quality is better than Harley 750 in any manner. the only possible issue is the seat which can hurt your butt on long routes ""however this can changed for very small amount"".Vibration level is also low in high gear at nominal speeds. The bike feels more like a sports bike at times with how the throttle responds. "
Kawasaki Vulcan S,4.7,"Great ""Sports Cruiser""",4,Great Sports Cruiser and a Head turner. It is surprisingly highly maneuverable compared to its size. One issue though is its low 130 mm Ground clearance which often creates issues around Speed bumps in Cities.
Kawasaki Vulcan S,4.7, Good For Riding,4,"The bike is too good on highway‚Äôs but the problem is ground clearance, for every road hump we must slow down."
Kawasaki Z900,3.8,Kawasaki Z900 Best Bike ,4,"This is very suitable for 5.5 and 6 above feet guys with long narrow dynamic vehicles, the bike with a 900cc inline 4 cylinder help u more power and torque. This bike is not equal to another. This is the most powerful bike please drive carefully. This bike gives mileage of 20kmpl on long rides and 18kmpl at traffic rides. This bike is the only option for superbikes under 10 lacs in India."
Kawasaki Z900,3.8,Overall Good Bike In Power And Comfortable Sitting,3,"Its looks, power, linear delivery and comfortable sitting are also good. The lower seating posture is a bit sporty. Almost upright seating can be toured and heavy if compared to others."
Kawasaki Vulcan S,4.7,Wolf in sheep's clothing ,5,"Very smooth to ride within and out side the city, negligible heating up in heavy traffic like the Harley's. Amazing pick up in any gear. Can easily be mistaken for a sports bike. Slick handling inspite of long wheelbase ."
Kawasaki Z900,3.8,THE ULITIMATE MACHINERY !,4,"A bike with full-on loaded performance and power the vehicle is not only a bike it's a powerful machine that provides you with the feel-good factor and a loaded experience of thrill and joy in your hands definitely go for it if you enter the segment of superbikes, at last, a superb experience!"
Kawasaki Z900,3.8,Z900 - The Stunning Street Fighter,3,"Kawasaki is a well-established brand in India. It comes with unique designs. Coming Z900 is a budget-friendly superbike with stunning looks, awesome performance, and dynamic riding. For me, the console looks a little outdated. I think it suits street fighters."
Kawasaki Z900,3.8,Super Bike With Super Power,4,"The Kawasaki Ninja Z900 is a high-performance sport motorcycle that combines sleek aesthetics with impressive power and handling. Designed to deliver a thrilling riding experience, it is a popular choice among motorcycle enthusiasts."
Kawasaki Ninja H2,4.5,The Ninja H2 redefines superbike acceleration,5,"It looks like it‚Äôs doing 200mph at a standstill, it‚Äôs visually awesome and sounds incredible. The level of finish and quality on the H2 is some of the highest I‚Äôve ever seen on a production road bike. Some won‚Äôt like the aggressive fuelling and power delivery in the first few gears, but then those people shouldn‚Äôt be considering a ¬£22,000 supercharged sportsbike. If you want to chase lap times get a ZX-10R, but if you want one of the most exciting road bikes ever built, then step forward, and get in the queue."
Kawasaki Ninja H2,4.5,Dream Bike.,5,One of the fastest bike in the world. Love to have this. This beast is my dream.
Kawasaki Ninja H2,4.5,colourful Experience on my lovely bike,5,"It‚Äôs visually awesome and sounds incredible. The level of finish and quality on the H2 is some of the highest I‚Äôve ever seen on a production road bike.  if you want one of the most exciting road bikes ever built, then step forward, and get in the queue. "
Kawasaki Z900,3.8,Awesome Bike,3,"As I saw the muscular naked sport bike, I feel excited to jump onto it. It's a very bold design bike and the curvy design makes it more attractive, as I ride, the power is the most heartwarming experience. Its inline4 cylinder sounds so eargasm."
Kawasaki Z900,3.8,Great Bike,4,"Great bike for both cruising and sports enthusiasts. Personally, I like the bike. The Z900 is a high-end model while the Z650 falls in the mid-range category."
Kawasaki Ninja 400,4.3,Over priced bike,3,Performance is good. But overpriced bike sibling of ninja 300. Ninja 300 is a better option and budget-friendly sport bike.
Kawasaki Ninja 400,4.3,Best bike,5,The price is overpriced. The performance is awesome. It is best in this price range. It is my first sports bike. 
Kawasaki Ninja 400,4.3,Best bike in 400 cc .,5,Best bike in this category of 400 cc. Riding position is awesome . Very comfortable bike . You can ride as long as u can but you will not have any problem . Power is too good . Mileage is also good . 
Kawasaki Ninja 400,4.3,First Bike that to Ninja 400,4,Awesome bike. Has great power. Whenever required you will get the beast racing. Seat is bit too hard compare to other bikes. Overall performance of the bike very good for both city and highway.
Kawasaki Ninja 400,4.3,Best Bike,4,"It gets a semi-digital instrument cluster with an analog tachometer flanked by warning lamps on one side, and a gear position indicator and multi-function LCD screen on the other. These are very necessary features for a sports bike."
Kawasaki Ninja 400,4.3,Kawasaki Ninja 400 great for every terrain,5,This bike is all terrain bike as i took this bike to cross country and it performed good in every terrain. The suspension is very good and the seat and driving ergonomics are great too for long rides.
Kawasaki Ninja 400,4.3,Kawasaki Ninja 400 is good looking bike,5,This is a very good-looking bike with a very sharp design and is awesome to look at. I love the exhaust sound of the bike and people sometimes get scared of it. The after-sales services are good by the company.
Kawasaki Ninja 400,4.3,Best Premium Bike,3,"The best premium bike with decent mileage, power, and track control bike. The price is a little bit high."
Kawasaki Ninja 400,4.3,Please Help  for zx4 ,5,Love Kawasaki and waiting zx4 inlane 4 I expect zx4in 5 to6 lakhs üëå üòé I'll see if they have been the most beautiful 
Kawasaki Ninja H2,4.5,The best bike i ever drove,5,The fastest and the best bike drove in my entire life (even better than Hayabusa and the s1000rr). The first time I drove it was a moment of pride for me as I had driven as h2. The time I drove the Hayabusa and the s1000rr I wasn't getting the feel of driving a superbike on the average speed. But the moment I sat on this bike I felt that this is the superbike.
Kawasaki Ninja H2,4.5,If I get a chance I will ride this bike defentely,5,"Best bike I have ever seen, the fastest bike in the world, its design is excellent, that's a new achievement for the company."
Kawasaki Ninja H2,4.5,Kawasaki Ninja H2,5,"This is one of the best bike designs I ever saw. It also has the best acceleration. Believe me if you will ride this you will be the attention point of the crowd and when you will Park this and come out you will see crowd gathered around your bike. It also has a best suspension, but sorry to say it is not too good for Indian roads. "
Kawasaki Ninja H2,4.5,Nice one bike,5,Mind-blowing bike in the world.   
Kawasaki Ninja H2,4.5,Don't judge this bike,5,"Kawasaki Ninja H2 is affordable for those people who love super and fastest bikes. The mileage is very good as compared to other superbikes. In Mumbai, the on-road price is 37 lacs. The best bike at this budget. Best performance for racing and road also. Bike dimension looks excellent and aerodynamic for a greater chance for higher speed."
Kawasaki Ninja H2,4.5,King of all bikes,5,Just want to say - Perfect sports bike. I searched and observed many superbikes but this bike has all the facilities and looks that I wanted.
Kawasaki Ninja H2,4.5,Best brands Kawasaki,5,Such a nice bike I have ever seen. This bike's brakes are so powerful. I have purchased this and I am the luckiest person on earth.
Kawasaki Ninja H2,4.5,Amazing Bike ,5,"It is a rocket on two wheels, the amazing whistle sound of the supercharger is great. Price is also suitable for a supercharged bike, the gauge is also amazing it is loaded with outstanding electronics like traction control, slipper clutch with a quick shifter."
Kawasaki Ninja H2,4.5,Slow speed bike for kids.,1,"A very slow bike, even an Activa has a higher speed. The pickup is also low."
Kawasaki Ninja H2,4.5,Best bike.,5,This is a very brilliant bike and the best in class performance. 
Kawasaki Ninja H2,4.5,My Dream Bike,5,Awesome and lovely bike. It is my dream bike. I want to buy this bike.
Kawasaki Ninja 400,4.3,Amazing Bike,4,"I have heard people say that this bike has an unjustifiable price tag but as someone who has ridden this beast every time you cross 8000 rpm, it will put a smile on your face like nothing else, even daily riding is bliss the utmost comfortable riding posture on this segment period the mileage is lovely it will give you about 330 km city riding and 350-360 on the highway. The final thing I would say is if you can afford it close your eyes and buy it."
Kawasaki Ninja H2,4.5,Kawasaki Ninja h2 fan,4,It is not a bike it is a beast with supercharging and many futures. Styles looking attractive I love this bike only one Kawasaki Ninja H2 and no bike others Its compare to Kawasaki h2 beast.
Kawasaki Ninja H2,4.5,An untamed beast ,4,An untamed beast. Just. Give it throttle and there you have the accidental wheelie. An amazing bike with a supercharger. Gets the auto blipper but not the quick shifter which is a bit disappointing. The seating is very good and when you want to power it gives you what you demand always.
Kawasaki Ninja 400,4.3,my confidence gem,4,"Kawasaki Ninja is the best bike I have ever seen in my life, and I love its glamorous style and performance. It gives me lots of confidence in my life, and I forget everything when I am with it."
Kawasaki Ninja H2,4.5,Best Bike I've Ever Seen,4,"The best bike I've ever seen in quality, features, and mileage, is really good, and the maintenance cost is less than others sports bikes. "
Kawasaki Ninja H2,4.5,Superb Bike,5,An awesome bike with everything cool bottom to top. An outstanding performance bike loved it. And it's really comfortable. 
Kawasaki Ninja H2,4.5,Seat Comfort Is Good,3,"The seat comfort is good, it is the fastest bike in the World. The maintenance cost is quite large. Overall nice bike"
Kawasaki Ninja H2,4.5,Amazing Speed,4,"Amazing speed, worth the price, amazing style, average weight, approx good mileage and very good feeling on riding this bike."
Kawasaki Ninja H2,4.5,Amazing And Has Stylish Features,4,This bike is so amazing and has stylish features. It is more comfortable than other bikes. I suggest everyone for buying this bike.
Kawasaki Ninja H2,4.5,The Powerful bike,5,"This is the best powerful bike, and the features are also so good. Its performance is also good."
Kawasaki Ninja H2,4.5,THE BEST OF ALL TIME,4,"The Kawasaki Ninja H2 is a breathtakingly powerful and aggressively styled motorcycle that sets a new benchmark in the world of sportbikes. From its supercharged engine to its sleek and aerodynamic design, the Ninja H2 is a true masterpiece of engineering and design."
Kawasaki Ninja H2,4.5,Great Bike Ever,4,"The Kawasaki Ninja H2 is a high-performance sport bike that boasts a supercharged 998cc engine, producing 197 horsepower and a top speed of over 200 mph. It features advanced technology including electronic rider aids, adjustable suspension, and a quick shifter for seamless gear changes. The H2 is also visually striking with its unique aerodynamic design and signature green and black color scheme. However, it is not a bike for the faint of heart or inexperienced riders, as its power and speed require skill and control. Overall, the Kawasaki Ninja H2 is an impressive machine that delivers exhilarating performance for experienced riders."
Kawasaki Ninja H2,4.5,Excellent Performance,5,"All Kawasaki bikes are very good-looking and stylish. It's an H2r version top speed 400, I like it very much."
Kawasaki Ninja H2,4.5,Good Performance,4,This bike is very expensive but its future and speed are very awesome. So I give 4.5 ratings.
Kawasaki Ninja H2,4.5,Best Bike Ever,5,This bike is best for riders. The mileage of this bike is better than other bikes. The cost of this bike is high.
Kawasaki Ninja H2,4.5,It An Amazing Bike Ever,4,"It is an amazing bike ever by looks and performance, Once you ride feels like you are unstoppable."
Kawasaki Ninja H2,4.5,Most Powerful Bike,5,"The most powerful bike, I like the design. Whenever I go on the street, everyone just takes out their phones to take a picture."
Kawasaki Ninja H2,4.5,Best Experience,5,"The Ninja H2 is a true beast, and its speed is simply awe-inspiring. However, its price is quite high, making it affordable mainly for those who are not regular people. It might take around 10 years for an average person to afford it."
Kawasaki Ninja 300,4.2,Best Bike ,4,"Bike performance is overall good but the problem is you have to do maintenance every month. Its speed is really good and when you deal with Kawasaki this is the more extraordinary and sleek design and with powerful engine, it makes it more awesome."
Kawasaki Ninja 300,4.2,Best in segment,5,"I have at last the 2019 ABS model. Before purchasing this bike I have done lots of research about it. But let me tell you guys, no research is needed to buy this bike. I have completed 3000 KM in 3 months. In this 300 segment its the smoothest bike and more I am riding it more I m loving it."
Kawasaki Ninja 300,4.2,Best Bike.,2,This bike is cool by its design and look. Though it gives average mileage. Overall it's an amazing vehicle.
Kawasaki Ninja 300,4.2,Best bike in the segment,5,Best in segment AC to the features and power of the bike seating is upright and comfortable. Its the best in the class bike...
Kawasaki Ninja 300,4.2,Awesome Bike,4,It is a nice bike and its performance is very best.  I like that bike very much. I am a fan of that bike.
Kawasaki Ninja 300,4.2,Awesome Bike,4,The bike is very nice Kawasaki. It is very good. Ans it is my favourite bike.
Kawasaki Ninja 300,4.2,One of my favourite bike,3,"Firstly I want to say that I love this bike, one of my favourite bike. Ongoing high rated this bike is awesome and its exhaust is amazing, it's sound style etc everything is looking awesome."
Kawasaki Ninja 300,4.2,Love Bike,4,Best bike Kawasaki Ninja 300 rides in comfort best mileage fuel capacity 17 liters good and top speed 200.
Kawasaki Ninja 300,4.2,Lovely Bike,5,"This bike is the beast, I really like this bike In my opinion every function is a good example, mileage, comfort, and many more and the service cost is not very expansive. The bike is King. Thank you to Kawasaki workers to make this lovely bike. "
Kawasaki Ninja 300,4.2,Monster Bike,4,This is totally a monster bike.
Kawasaki Ninja 300,4.2,Bike With Perfect Cost,4,This bike is wonderful and most comfortable. This bike's experience is awesome and overall it is an awesome bike with perfect cost. 
Kawasaki Ninja 300,4.2,Awesome Performance,4,"Kawasaki Ninja's first thing is looks are gorgeous and the second performance is awesome, as well as it gives fantastic power. "
Kawasaki Ninja ZX-10R,4.4,This Is A Powerful Machine,4,This is a powerful machine with unbelievable power and stylish looks. The Mileage is also good as compared to other superbikes. 
Kawasaki Ninja ZX-10R,4.4,Kawasaki Ninja Is Best Bike ,5,"It's such a nice bike with salient features and a powerful engine. This is made for real superbike lovers, and its mileage is also good. "
Kawasaki Ninja ZX-10R,4.4,Best And Super,5,"The performance of this bike is the best and it is super. The braking is great, the speed is great and it is excellent. "
Kawasaki Ninja ZX-10R,4.4,Outstanding Sports Bike ,4,"Best sports bike, it comes with great features and the braking system is also good. It has awesome look and the riding quality is so good. Good for long rides and the bike seats are also comfortable. "
Kawasaki Ninja ZX-10R,4.4,Good Looking Bike,5,"For this price cost, it is good-looking and a high-speed superbike. But the mileage because of high power."
Kawasaki Ninja ZX-10R,4.4,Exhaust And Styling Is Good Enough,4,The exhaust is damn good and the comfort is 5-star with good styling enough. It goes like light and runs like a spaceship.
Kawasaki Ninja ZX-10R,4.4,Value For Money Bike,5,"One of my friends has recently bought the Kawasaki Ninja ZX-10R. I have already taken some quite comfortable and awesome rides on it. My experience was really mind-blowing. All the features that it has, are really good and completely satisfying. I think this is the best super sport bike in this range. Its controls are really awesome and convenient. "
Kawasaki Ninja ZX-10R,4.4,Looks And Speed Are Awesome,3,"I recently bought this bike, and its exhaust is just satisfying. Its top speed and classy look are just awesome."
Kawasaki Ninja ZX-10R,4.4,ninja xz10,4,"The Ninja ZX-10R was Kawasaki‚Äôs ultimate supersport offering until the world saw the mighty H2. Even today, it is looked upon as a racing legend with a lot of respect. When Kawasaki launched the ZX-10R for the first time, it had the world amazed. Everybody knows this bike as an award-winning track hunter. For 2021, the bike has received quite a few notable changes, in and out. It claims to carry forward Kawasaki‚Äôs rich heritage and do better than the previous model in every aspect. In our road test, we thoroughly test the bike, and here‚Äôs what we have to say about the 2021 Kawasaki Ninja ZX-10R."
Kawasaki Ninja ZX-10R,4.4,Best Bike In Comfort And Performance,3,"The best bike in comfort, looks, and performance. The build quality is also good, but the range is so high. "
Kawasaki Ninja ZX-10R,4.4,Nice Vehicle,4,"It's a sport that can you expect top-notch performance as well as high on your pocket, best in its class."
Kawasaki Ninja ZX-10R,4.4,High Performance Bike,5,"If you're in the market for a powerful and sleek sports bike, the Kawasaki Ninja ZX-10R is definitely worth considering. This high-performance machine is designed for serious riders who want to experience the thrill of pushing a bike to its limits."
Kawasaki Ninja 300,4.2,Ninja300cc Best Bike In The Segment,5,It is the best bike in the 300cc segment with comfort. It's value for money.
Kawasaki Ninja 300,4.2,I Love This Bike,3,Better for long-distance coverage and capacity to demonstrate. If you go for this bike then u will feel very comfortable on this. As compared to other bikes you have a better experience. The bad thing about this bike is that you would get bad mileage. I love this bike.
Kawasaki Ninja 300,4.2,Ninja 300 The Best Performance Bike,4,"The best performance bike with good looks, good safety, and mileage is not bad."
Kawasaki Ninja 300,4.2,Power Is Good But Improved Needed.,3,"The power and performance are amazing in this bike but it lacks a bit in features like halogen bulbs, an old instrument cluster and no changes in design at all. It also needs an improvement in the tyres."
Kawasaki Ninja 300,4.2,Overall A Best Bike,4,"Power is just awesome. Well, safety features and maintenance costs are somewhat costly but that is obvious if you are buying this one. It's just awesome and comfortable."
Kawasaki Ninja 300,4.2,Ninja 300 The Best Vehicle In Mileage,3,Ninja 300 model is always the best vehicle in mileage. It is very costly and maintenance also very costly.
Kawasaki Ninja 300,4.2,Kawasaki Ninja 300 Is Very Good Looking Bike,4,"Kawasaki Ninja 300 is a very good-looking bike, and also an attraction in public. The performance is good, and also a pocket-friendly bike with low mileage."
Kawasaki Ninja 300,4.2,Overall Quite Nice,3,"Overall quite nice, but a bit less in comfort. Rest body structure, design, and lights are quite next gen."
Kawasaki Ninja 300,4.2,Kawasaki Ninja 300 Is A Comfortable Bike,5,"Kawasaki Ninja 300 is a comfortable bike with good mileage, breaks and looks. It performs well."
Kawasaki Ninja 300,4.2,The Most Powerful Bike,4,"The most powerful and a best modes bike. Its comfortable, stylish, speedy, and a bike which can change your mind. "
Kawasaki Ninja 300,4.2,Quick Shifter Is Missing ,3,Performance and sitting position is perfect. The quick shifter and slipper clutch is missing. Headlight and indicator should be provided LED.
Kawasaki Ninja ZX-10R,4.4,"Now, a question cannot pose",4,"Now, a question cannot pose as a commandment, let alone a seemingly blasphemous one, but do bear with me. Although, really, in one way the Kawasaki Ninja ZX-10R seems to exist for little else than to enable Jonathan Rea to win one WSBK championship after another (six so far), creating history as they go along together. In saying that, it may become sort of implicit that the ZX-10R is the best superbike in the world and has been for some time now, although that‚Äôs doing its mighty rivals a mightier disservice. Never mind the lengths to which manufacturers will go to blur the lines between pit lanes and showroom floors."
Kawasaki Ninja 300,4.2,Kawasaki Ninja 300 Great Experience,5,"I like Kawasaki Ninja 300. When I'm buying this bike it was a great experience with good mileage, looks, and pick-up, and mostly I like the comfort."
Kawasaki Ninja ZX-10R,4.4,Powerful Bike,4,Good bike with decent looks and great balance. It is a superb bike in this segment and has a solid body with a powerful engine. The suspense is excellent and the pickup is also nice.
Kawasaki Ninja ZX-10R,4.4,Excellent Performance,4,"All over a really decent bike, it's just that the maintenance is kind of high otherwise a 5/5. The other thing to be noted down is that I personally felt it was somehow uncomfortable to ride for long hours."
Kawasaki Ninja ZX-10R,4.4,Amazing Bike,4,The new Kawasaki Ninja zx-10R is hight comfortable and very worthwhile bike and good service from Kawasaki.
Kawasaki Ninja ZX-10R,4.4,Excellent Performance,4,"ZX-10R has a very defining look which I like. In terms of torque and power, it is excellent. this bike is quite popular among YouTubers."
Kawasaki Ninja ZX-10R,4.4,Urban Mobility With A Touch Of Sophistication,4,"The Vespa ZX adds a touch of sophistication to urban mobility. With its sleek design and refined performance, it effortlessly glides through Indian streets. The peppy engine and nimble handling make it a breeze to maneuver in city traffic. The comfortable seating and well-cushioned ride ensure a pleasant experience even on longer journeys. While it may lack some advanced features, the ZX compensates with its timeless appeal and premium craftsmanship. If you seek a scooter that exudes elegance and offers a refined riding experience, the Vespa ZX is the perfect choice to navigate the urban landscape with style."
Kawasaki Ninja ZX-10R,4.4,Excellent Performance,4,"Nice Bike totally is good, because this is a super bike with a 1000 cc engine and many more features that you want in a super or dream bike."
Kawasaki Ninja ZX-10R,4.4,Best Bike Ever,4,If you are planning to buy Kawasaki Ninja ZX-10r go ahead without any thought it is undoubtedly the best in its segment it got a killer looks awesome exhausted sound the power is incredible you will never regret buying a Kawasaki Ninja zx-10r.
Kawasaki Ninja ZX-10R,4.4,Best performance and very best features,4,One of the best bike for all of we because ultimate features and best performance. This bike is personally my favorite bike in whole bikes. 
Kawasaki Ninja ZX-10R,4.4,Amazing Performance ,5,What a bike amazing performance and riding experience mileage was also good and this speed was also great.
Kawasaki Ninja ZX-10R,4.4,Nice Looking Bike,5,Superb bike and all features of the bike are also excellent and look are awesome.
Kawasaki Ninja ZX-10R,4.4,This a very good bike,4,"This is a very good bike; I love it too much. Its features are good, good stability, nice engine power, nice look, and so many things to describe, but words are less."
Kawasaki Ninja ZX-10R,4.4,Very Attractive Bike,4,"This bike is amazing, and the seating is comfortable. Moreover, the mileage is superb, just like the Ninja ZX-10R."
Kawasaki Ninja ZX-10R,4.4,Excellent Bike,5,"This bike is highly impressive and offers a very comfortable riding experience. The acceleration is remarkably strong, making it a powerful and thrilling ride."
Kawasaki Ninja ZX-10R,4.4,Amazing Super Bike,5,"Kawasaki Ninja ZX10R is an amazing superbike that looks so awesome on the road the power it produces the torque, and the road grip is amazing."
Kawasaki Ninja ZX-10R,4.4,The true love,3,This bike is my dream bike but I can‚Äôt afford it
Kawasaki Ninja 300,4.2,Good Performance,3,I took a test drive from my friend. This bike is very much stylish and comfortable. But its exhaust is not that satisfactory for me. Overall it is recommended.
Kawasaki Ninja ZX-10R,4.4,Great Bike ,4,"The overall performance of the bike is awesome, and the looks are also good. I would give it 4.5 stars. The bike is amazing."
Kawasaki Ninja 300,4.2,Good Bike,4,The bike performance is very nice and the exhaust sound is awesome. The bike speed is very awesome and the break is also good. 
Kawasaki Ninja 300,4.2,Ninja 300 Bike ,3,"This is a superbike in this prize I can't believe this. This is an osm bike at a low price. Good look but the exhaust sound was not good as the ninja sound, the second point is this is a 290cc around which is good power at this price."
Kawasaki Ninja 300,4.2,Riding Experience Is Amazing,5,"The Ninja 300 offers a good balance of power and handling. It produces around 39 horsepower, which is ample for city riding and highway cruising."
Kawasaki Ninja 300,4.2,It‚Äôs Really Good,4,"It's truly impressive in the 300cc segment, with a stylish appearance. It's a great choice for highway rides, offering a budget-friendly option with the necessary speed, in my opinion."
Kawasaki Ninja 300,4.2,Very Stylish Bike,4,This bike is very stylish and mileage is ordinary but the built quality is top-notch. You can prefer this bike in this price range.
Kawasaki Ninja ZX-10R,4.4,Good Performance,4,"Yes, we have a ZX10R, which belongs to my brother, but I also ride it. It's a very powerful machine, not suitable for beginners. However, it gives very low mileage, around 10 or 9 kmpl, and its maintenance cost is also quite high. But if you're looking for a very, very powerful machine, you should go for it."
Kawasaki W175,4.0,Waiting for you darling.,5,"Eagerly waiting to see W175 in India, such a classic retro look, can beat Royal Enfield."
Kawasaki W175,4.0,Comfortable To Ride,4,"Kawasaki W175 comes with a bulky fuel, circular headlight, and short stance. The is absolutely comfortable to ride in the city and on the highways. The power delivery is smooth enough for you to cruise at a speed of around 80kmph on the highway. Moreover, the seat is also flat and well-cushioned to ensure a decent riding experience."
Kawasaki W175,4.0,Not Satisfying Look,3,"Its look is not satisfying me, but the mileage is ok. The weight is very less, and the engine cc is given more power with the high price."
Kawasaki Ninja 650,4.5,Kawasaki is the best.,5,"One of the top 650cc bikes, which we get in this price range. Kawasaki is the best. And the color option is unique and good looking."
Kawasaki Ninja 650,4.5,My Dream Bike,4,I like its body style and its engine sound is awesome. Its body is unique and it gives a sporty look. Tire quality is awesome and it has better mileage compared to other bikes.
Kawasaki Ninja 650,4.5,This bike so much attractive.,5,"Wow so beautiful Kawasaki ninja 650 bike, I like this bike very power, I love this bike very much."
Kawasaki Ninja 650,4.5,"So You Bought A Ninja Bike, Buckle Up",4,"Been riding street cruisers for 40 years. My Ninja 650 is by far the fastest bike. I ever had. Tons of power, cornering, comfortable to ride, mine came with a trunk and saddlebags, great for travelling and easier to remove. Torque and weight are all awesome. Love this bike."
Kawasaki Ninja 1000SX,4.6,KAWASAKI NINJA 1000 ABS ‚Äì LONG-TERM TEST WRAP-U,5,"The Kawasaki Concours 14 is a world-class sport-tourer, while the track-focused ZX-10R wears the world superbike crown. Filling a middle ground between these mission-specific models, the Ninja 1000 offers real-world sporting prowess and excellent light sport-touring capability. After 10 months piling miles on our green machine, we have a saddle-savvy appreciation for its superb reliability and versatility."
Kawasaki Ninja 1000SX,4.6,The Most Sensible Litre Class Motorcycle,5,"let me begin with saying that the Kawasaki Ninja 1000 is possibly the best bang for the buck motorcycle today. At 9.99 lakhs ex-showroom what you get it a state-of-the-art engineered,  in-Line four, litre class motorcycle."
Kawasaki Ninja 1000SX,4.6,Best 1000 cc sports tourer,5,The best bike under 10 lac rs. Worth paying that amount for this AWESOME machine... Would love to own in the future.
Kawasaki Ninja 1000SX,4.6,Real beast ,5,It‚Äôs a real beast under 10 lakhs. It becomes a real monster once you hit 150 km/h. It‚Äôs a dream bike for people having a DNA of sports bike.
Kawasaki Ninja 1000SX,4.6,Beast Bike Best in Class Best in Highest performance,5,Its a beast I have taken this bike its been just a day and I can tell you honestly no other bike comes even close to it
Kawasaki Ninja 650,4.5,Adequate power + good mileage for a tourer,4,"It could possibly be a good bike for the tourers, especially the ones traveling inter-city or interstate. The bike's comfortable riding position and ergonomic control give the biker the pleasure to be on it while mile-munching on the highways and the bike is equally good on the in-city roads as well. Mileage-wise, the bikes return a comparably better fuel average than similarly priced bikes. But one can also consider the Suzuki GSX S750 for just a tiny buck more. It not only has 2 more cylinders to power itself but it also sports 46PS and a 17Nm surplus of power and torque over the Ninja 650. So the Ninja here is an entry-level adventure tourer where as the S750 is a naked street sports bike that can also be used as a sports tourer but still the Ninja650 will return much better fuel mileage than S750 ever can. Make sure u know what u want before finalizing either of them."
Kawasaki Ninja 650,4.5,Most Comfortable Bike,5,"This is the most comfortable bike that feels like sitting on the bed, and performance is next level. Its engine pickup is very nice, and it almost takes 5 seconds to touch 100kmph."
Kawasaki Ninja 1000SX,4.6,Worth For Money,4,A good bike for touring and fun to ride. This bike is excellent bike and this is completely worth 11 lakhs.
Kawasaki Ninja 1000SX,4.6,Value for Money Sport Tourer,4,"Writing this review after clocking 14,000 km on my 2022 Ninja 1000SX. To start with, very comfortable bike for long-distance touring. It was a little intimidating in beginning due to its size and weight but as you ride the bike everything falls into place and gets your confidence. Seat height is comfortable for someone more than 5.8‚Äù tall and 235 kgs of weight is properly distributed, only will feel the weight while manoeuvring bikes in parking or at tight U-turns. The electronic package put this bike a true value-for-money machine but at the same time needs to be very careful with cables and sensors. The engine is silky smooth in whatever gear and speed you ride. Heat management is fine and manageable for such a large engine. "
Kawasaki Ninja 1000SX,4.6,Super Bike,4,"This is a superbike and super engine power.  Futuristic model, good price and safe bike. "
Kawasaki Ninja 1000SX,4.6,The Sports Tourer Is Fantastic,5,"I absolutely love the Ninja 1000 SX! It's incredibly versatile, shifting between a friendly ride and a wild one when needed. Plus, it's relatively affordable to maintain compared to other 1000cc bikes. Despite its size, it's very comfortable and has great mileage. The power is smooth and easy to manage, with decent ground clearance that's perfect for riding in Gujarat. The adjustable rear mono shock is a lifesaver when traveling with a passenger, and the plush ride makes it perfect for long trips."
Kawasaki Ninja 1000SX,4.6,Superb Bike,5,Superb bike and its features are also very excellent and its look is awesome.
Kawasaki KLX 450R,4.0,super bike ,3,"I can‚Äôt recommend Gary‚Äôs bike service enough! The quality, professionalism, and price value can‚Äôt be beaten. I‚Äôve been delighted with each service I booked starting with repairing my old bike, checking my new bike, etc. On top, you get advice on maintaining your bike in the best way possible. I couldn‚Äôt ask for more and I completely trust his expertise based on my experience with the last bike service checks."
Kawasaki Z900RS,4.0,Impressed with the Kawasaki Z900RS,4,"I am very impressed with the Kawasaki Z900RS, it performs very well. I personally find the seat a bit hard, and the windscreen offers limited wind protection at high speeds. The fuel tank capacity is also relatively small, which can be a minor inconvenience on long rides."
Kawasaki Z900RS,4.0,Kawasaki Z900RS Good Bike,4,"The starting price for a cruiser bike in India is Rs. 20,56,919 for the Kawasaki Z900RS. There is just 1 variation and 2 colours offered. The 948cc BS6 engine that powers the Kawasaki Z900RS produces 109.96 horsepower and 98.5 Nm of torque. The Kawasaki Z900RS comes equipped with anti-locking brakes and front and rear disc brakes. The 17-liter petrol tank on this Z900RS motorbike weighs 215 kilograms."
Kawasaki Z900RS,4.0,Great Handling - Kawasaki Z900RS,4,"Great handling, and it comes with a powerful engine that gives amazing performance. It is comfortable while riding and it has a great exhaust sound. Overall, this is a great bike in this segment."
Kawasaki Z900RS,4.0,Retro Styled Bike - Kawasaki Z900RS,4,"The Kawasaki Z900RS is a retro-styled, modern-performance motorcycle that delivers great handling and power. Users praise its smooth ride, comfortable seating, and responsive engine. However, some note that the bike's weight can be a drawback, and the suspension can be stiff on bumpy roads."
Kawasaki Z900RS,4.0,Kawasaki Z900RS Is Fun-to-ride,4,Kawasaki Z900RS is a well-designed and fun-to-ride motorcycle that combines retro styling with modern technology. It is suitable for riders who appreciate the classic look and feel of a motorcycle but still wants the performance and safety features of a modern machine.
Kawasaki KLX 450R,4.0,Unbeatable Ninja ,5,This is my 2nd bike after used R15 but this bike is really fantastic. one of the greatest road hunter under me Love to have ninja
Kawasaki Z900RS,4.0,Highly Recommended - Kawasaki Z900RS,4,"The Kawasaki Z900RS is an exceptional motorcycle that delivers great power, smooth handling, and a retro-inspired design. It's comfortable for long rides and has modern features like LED lighting and a digital instrument cluster. "
